{
  "id": "register",
  "type": "object",
  "required": ["username", "audience"],
  "properties": {
    "username": {
      "type": "string",
      "format": "email"
    },
    "alias": {
      "type": "string",
      "minLength": 3,
      "maxLength": 15,
      "pattern": "[a-zA-Z.0-9]+"
    },
    "password": {
      "type": "string"
    },
    "captcha": {
      "type": "object",
      "required": ["response", "remoteip"],
      "properties": {
        "response": {
          "type": "string",
          "minLength": 1
        },
        "remoteip": {
          "type": "string",
          "oneOf": [
            { "format": "ipv4" },
            { "format": "ipv6" }
          ]
        },
        "secret": {
          "type": "string",
          "minLength": 1
        }
      }
    },
    "metadata": {
      "type": "object",
      "minProperties": 1
    },
    "activate": {
      "type": "boolean",
      "default": true
    },
    "audience": {
      "type": "string",
      "minLength": 1
    },
    "ipaddress": {
      "type": "string",
      "oneOf": [
        { "format": "ipv4" },
        { "format": "ipv6" }
      ]
    },
    "skipChallenge": {
      "type": "boolean"
    }
  }
}