{
  "id": "verify",
  "type": "object",
  "required": [ "token", "audience" ],
  "properties": {
    "token": {
      "type": "string",
      "minLength": 1
    },
    "peek": {
      "type": "boolean"
    },
    "audience": {
      "oneOf": [
        {
          "type": "string",
          "minLength": 1
        },
        {
          "type": "array",
          "minItems": 1,
          "items": {
            "type": "string",
            "minLength": 1
          }
        }
      ]
    }
  }
}